{"cameraMode":{"drawMode":0,"name":"Shaded","section":"Shading Mode"},"sceneLighting":false,"audioPlay":false,"sceneViewState":{"m_AlwaysRefresh":false,"showFog":true,"showSkybox":false,"showFlares":true,"showImageEffects":true,"showParticleSystems":true,"showVisualEffectGraphs":true,"m_FxEnabled":true},"in2DMode":false,"pivot":{"x":-0.10564818978309632,"y":0.4746922552585602,"z":0.03982478380203247},"rotation":{"x":0.014320324175059796,"y":-0.10540113598108292,"z":0.00151379918679595,"w":0.9943669438362122},"size":1.3366520404815674,"orthographic":false}